seqid,log_likelihood
mut_1,-1.6322834256329113
mut_2,-1.633142244363133
mut_3,-1.631474980221519
mut_4,-1.6352872824367088
