seqid,log_likelihood
mut_1,-1.6118856309335443
mut_2,-1.6154304600969145
mut_3,-1.614099275613133
mut_4,-1.6152702234968355
